exist,shorturl,layer,category,indomain,image_name,decode_url,unshorten_url,image_urls
True,False,3,3,0,c1e4a088f99954841fa7c5cdfcc61eb9398d0d4b.jpg,https://qrco.de/bbASJs,https://qrco.de/bbASJs,https://cc.tvbs.com.tw/img/upload/2022/01/20/20220120134554-88d00f7c.jpg
True,False,3,3,1,c3eb3627c8ac628c2dee9f94b045f2d7f745d8f7.png,http://kaywa.me/0oXfm,http://kaywa.me/0oXfm,https://www.ey.gov.tw/Template/EY/images/ey.png
True,False,3,3,0,d1db4e289cb1ebe5e38845f466034822bfd7eae9.png,https://t.me/moztwCV,https://t.me/moztwCV,https://cdn-images-1.medium.com/max/1024/1*3XglDYNH6OH6CRepAyQNRA.png
True,True,3,3,1,667e15792e450675573b608a27e1169a631d918e.jpg,https://bit.ly/35JHxRC,https://linktr.ee/ettoday.podcast?utm_source=mrt&utm_medium=lightbox&utm_campaign=podcast,https://cdn2.ettoday.net/images/businessTopic/9/9129_photo.jpg
True,False,3,3,1,2e1b5dfb8e903a446738a3ae2e7f54d0899ef2a2.jpg,https://t.me/eragoodlife,https://t.me/eragoodlife,https://cdn2.ettoday.net/images/6435/6435768.jpg
True,False,3,3,1,a7c3d63fac990011a962bb2afbe0e21c74932943.jpg,https://qrco.de/bcRvMp,https://qrco.de/bcRvMp,https://display.worldjournal.com/bo/wp-content/uploads/sites/4/2021/10/DC00228506001.jpg
True,False,3,3,0,50d98b9a6b223583324232371a9fc64ac1982e50,https://t.me/dtc8879,https://t.me/dtc8879,https://vip.cens.com/cens/supplier/7548/BRIEF2.png?xxx=1655170712068
True,False,3,3,1,de19f45887260262de5f4794a7247433d557154c.jpg,https://t.me/dtc8879,https://t.me/dtc8879,https://www.cens.com/cens/supplier/7548/product/183632/3DPF_C_dt-55.jpg
True,False,3,3,1,ba91c3cda5d3726c550425361a7459a4819f451a.jpg,https://api.whatsapp.com/send?phone=886966503602,https://api.whatsapp.com/send?phone=886966503602,https://www.cens.com/cens/publication/32/1555/220867_l.jpg
True,False,3,3,1,e1150120f8fa39dbcec77a4c3e6f500cf8fdcf84.jpg,https://api.whatsapp.com/send?phone=886966503602,https://api.whatsapp.com/send?phone=886966503602,https://www.cens.com/cens/publication/72/1544/PPIC_220609_l.jpg
True,False,3,3,1,2ec85ee453bb15d8a5c2d79529c8b0ff31b8d102.jpg,http://qr.net/j0m5,http://qr.net/j0m5,https://www.cens.com/cens/publication/54/1561/PPIC_221101_l.jpg
True,False,3,3,1,90f4d9238b674b470ed0e0899e1da763366654a7.jpg,http://kaywa.me/Ms1XR,http://kaywa.me/Ms1XR,https://www.cens.com/cens/publication/29/1557/221020_l.jpg
True,False,3,3,1,c5df2f52aebd647feae27a0d225dd225ae01f4d9.jpg,http://qr.net/j0m5,http://qr.net/j0m5,https://www.cens.com//cens/publication/54/1561/PPIC_221101_l.jpg
True,False,3,3,0,0de0a9c1fe473bd9240a431542f841ff39574971.jpg,https://l.ead.me/bbFyOF,https://l.ead.me/bbFyOF,https://s.yimg.com/cv/apiv2/cd/images/IMG_9800.jpg
True,False,3,3,0,ccf2616db015a67290a1713fcc23e0b89b1f2400,https://t.me/bbhomecare,https://t.me/bbhomecare,https://ec.yimg.com/ec?url=http%3A%2F%2Fbbhomecare5888.banner.tw%2FYAHOO%2520SS%2Fservice1.jpg&t=1659007200&ttl=400&mas=600&sig=3ynRlkrhOTubglHEDmXFQg--~E
True,False,3,3,0,b0b18c69a0f48fb2ada92dcab95f8245c16a1745,https://t.me/bbhomecare,https://t.me/bbhomecare,https://ec.yimg.com/ec?url=http%3A%2F%2Fbbhomecare5888.banner.tw%2FYAHOO%2520SS%2Fservice1.jpg&t=1659192300&ttl=400&mas=600&sig=kfoi2KnrAnBgok.1.o5CGg--~E
True,False,3,3,0,5879710f5640e10e318064e7135ea8f612f81297,https://t.me/bbhomecare,https://t.me/bbhomecare,https://ec.yimg.com/ec?url=http%3A%2F%2Fbbhomecare5888.banner.tw%2FYAHOO%2520SS%2Fservice1.jpg&t=1659200400&ttl=400&mas=600&sig=n3Yxr3OAOYd4LftGeIvhGQ--~E
True,False,3,3,0,4796671ece2fa4a4eebdb2e86c7937da1a1ed6d4.jpg,https://storage.googleapis.com/new-qr-code/20180213-QR.html,https://storage.googleapis.com/new-qr-code/20180213-QR.html,https://storage.googleapis.com/about_other/20171006-%E5%95%86%E5%9F%8E%E8%B3%BC%E7%89%A9%E6%8F%90%E9%86%92.jpg
True,False,3,3,0,ea3136ca1cee2659741e2b9e9105f58efd927c16,https://t.me/bbhomecare,https://t.me/bbhomecare,https://ec.yimg.com/ec?url=http%3A%2F%2Fbbhomecare5888.banner.tw%2FYAHOO%2520SS%2Fservice1.jpg&t=1659352500&ttl=400&mas=600&sig=_CnvZm.6pDZtd7N2bLNe3w--~E
True,False,3,3,1,d25a1e839c1901130336964719b1a1a31c12e8ad.jpg,https://urlzs.com/YWsMh,https://urlzs.com/YWsMh,http://www.worldjournal.net/wp-content/uploads/2019/11/NY00005241000-1.jpg
True,False,3,3,0,350aff1d149f89a9d209e4adeb8b1b4e3bfc89f1,https://drive.google.com/file/d/0B7canWVceYDaSk1CMEhDejZPMWs/view?usp=sharing,https://drive.google.com/file/d/0B7canWVceYDaSk1CMEhDejZPMWs/view?usp=sharing,https://i0.wp.com/dl.dropbox.com/s/eautcaml3c0ip8p/0914NEWBIKECH.jpg?dl=0
True,False,3,3,0,f1a754e8c1591195e3c8337a309a4a062d0ac8e5,https://t.me/bbhomecare,https://t.me/bbhomecare,https://ec.yimg.com/ec?url=http%3A%2F%2Fbbhomecare5888.banner.tw%2FYAHOO%2520SS%2Fservice1.jpg&t=1661349900&ttl=400&mas=600&sig=2vH9SBwJK9pMeyyU7.Z8Rw--~E
True,False,3,3,1,beccba330b66e03b3abe6e852c26ba093a8c1700,https://drive.google.com/file/d/1nIPMhxRyNEvbdM9zFoxatqypHH_dxGtJ/view?usp=sharing,https://drive.google.com/file/d/1nIPMhxRyNEvbdM9zFoxatqypHH_dxGtJ/view?usp=sharing,https://school.taicca.tw/sites/default/files/styles/event_list/public/civicrm/custom/NO.03-Banner_3_INMfVPvN.jpg?itok=7t1RiMDA
True,False,3,3,0,1c3685bfd37e3bec1052a0fe5c600e01d22ead2f.jpg,https://qrco.de/bbtPJX,https://qrco.de/bbtPJX,https://s.yimg.com/mm/Files/c22b71261275de67579b1c5c684dae466552870f_1200x16663.jpg
True,False,3,3,0,4258887f9ea8364769263f108d0eccb74ba716e8,https://t.me/bbhomecare,https://t.me/bbhomecare,https://ec.yimg.com/ec?url=http%3A%2F%2Fbbhomecare5888.banner.tw%2FYAHOO%2520SS%2Fservice1.jpg&t=1661652900&ttl=400&mas=600&sig=PI47dWMv1SB.2KHPUcBJkg--~E
True,False,3,3,0,8bdec2750ecc17a40d1dc67162d2875146afddd9,https://t.me/bbhomecare,https://t.me/bbhomecare,https://ec.yimg.com/ec?url=http%3A%2F%2Fbbhomecare5888.banner.tw%2FYAHOO%2520SS%2Fservice1.jpg&t=1661660100&ttl=400&mas=600&sig=JIYUYejaEG4zoML0IAMaDw--~E
True,False,3,3,0,9da8eb76d0b9ac79efcb6ad9a6f16516c9a109ff,https://qrco.de/bbCy4D,https://qrco.de/bbCy4D,https://cimg.pcstore.com.tw/cprd/C1406951374/14.png?pimg=static&P=1565575892
True,False,3,3,0,2c3eed438d34c4856dfd4b7042aeb77fc20f38c8,https://t.me/bbhomecare,https://t.me/bbhomecare,https://ec.yimg.com/ec?url=http%3A%2F%2Fbbhomecare5888.banner.tw%2FYAHOO%2520SS%2Fservice1.jpg&t=1661681100&ttl=400&mas=600&sig=IW8zijST0RcjkXRqp2zRCA--~E
True,False,3,3,0,7f08438e91ec193bf9c282231749e0e9b24b3d7e.jpg,https://drive.google.com/open?id=1ahUVF40Ms754a5gsNuyqZr2gW581WLZ8,https://drive.google.com/open?id=1ahUVF40Ms754a5gsNuyqZr2gW581WLZ8,https://s.yimg.com/zp/MerchandiseImages/E5B3DCEE03-SP-11006524.jpg
True,False,3,3,1,ed117266b1fdc8122cdf7e509b223c69999fb6d7.png,https://forms.office.com/Pages/ResponsePage.aspx?id=ExuewAGxzEydmwURinGFkTRfxEPzGHZFsZguxy9a6k9UNEI0WEpINFdLTU5OQlkyUFA0UjVKTkRaWC4u&wdLOR=cF9D0CA23-F57A-4113-9AB3-47C49AB272C0,https://forms.office.com/Pages/ResponsePage.aspx?id=ExuewAGxzEydmwURinGFkTRfxEPzGHZFsZguxy9a6k9UNEI0WEpINFdLTU5OQlkyUFA0UjVKTkRaWC4u&wdLOR=cF9D0CA23-F57A-4113-9AB3-47C49AB272C0,https://newsletter.sinica.edu.tw/wp-content/uploads/2022/03/Stand-With-Ukraine-Poster2-724x1024.png
True,False,3,3,0,50bdea518e0f607a44980ad17edef5ae4ffcf720.jpg,https://t.me/morehappy1688,https://t.me/morehappy1688,https://cimg.cnyes.cool/prod/news/4774687/l/2e535bee3a99fd804c959b8d53fafad1.jpg
True,False,3,3,1,169f5e03132a0799eb93e9f7acb3a414331914ab.jpg,https://forms.office.com/Pages/ResponsePage.aspx?id=IbgL9w4edUa-MyJ2PTalPdBwTtRyjOpDvBWtC6g87WtUOTUwR1dJQlc0Qk8yRks5RFM2WUhNQk1MQS4u&qrcode=true,https://forms.office.com/Pages/ResponsePage.aspx?id=IbgL9w4edUa-MyJ2PTalPdBwTtRyjOpDvBWtC6g87WtUOTUwR1dJQlc0Qk8yRks5RFM2WUhNQk1MQS4u&qrcode=true,https://www.tmd.ac.jp/files/topics/55567_ext_02_0.jpg
True,True,3,3,1,14281287eb17a5d35f2a30a938b1fa1809dfe099.png,https://forms.gle/5PAWUd1NNLbDhFef6,https://accounts.google.com/v3/signin/identifier?dsh=S369130858%3A1662291191247361&continue=https%3A%2F%2Fdocs.google.com%2Fforms%2Fd%2Fe%2F1FAIpQLSf91AjdnDo1srJ13GSYuZTvZ-crvmtIekH-5RUDAsYj1kJbzA%2Fviewform%3Fusp%3Dsend_form&followup=https%3A%2F%2Fdocs.google.com%2Fforms%2Fd%2Fe%2F1FAIpQLSf91AjdnDo1srJ13GSYuZTvZ-crvmtIekH-5RUDAsYj1kJbzA%2Fviewform%3Fusp%3Dsend_form&ltmpl=forms&osid=1&passive=1209600&service=wise&flowName=GlifWebSignIn&flowEntry=ServiceLogin&ifkv=AQN2RmVsLuWEW96BVcTgWxhJF1yVOkpMdbF8elqzijqcRcd5ywRJTlk9a3lij-r4t7NGSV1H3CBP,http://cphn.tmu.edu.tw/File/Userfiles/0000000001/images/image-20220627172229-1.png
True,True,3,3,1,aae314a3746df900f186d9c5a4423be508ba9974.png,https://forms.gle/rkGt1SzZZyv49gUe9,https://accounts.google.com/v3/signin/identifier?dsh=S-167330578%3A1662291195104173&continue=https%3A%2F%2Fdocs.google.com%2Fforms%2Fd%2Fe%2F1FAIpQLScOEfrG1qEqCZC0MaRJBdi-EwKMPnHLQLNwTB1hjJhEnv91Aw%2Fviewform%3Fusp%3Dsend_form&followup=https%3A%2F%2Fdocs.google.com%2Fforms%2Fd%2Fe%2F1FAIpQLScOEfrG1qEqCZC0MaRJBdi-EwKMPnHLQLNwTB1hjJhEnv91Aw%2Fviewform%3Fusp%3Dsend_form&ltmpl=forms&osid=1&passive=1209600&service=wise&flowName=GlifWebSignIn&flowEntry=ServiceLogin&ifkv=AQN2RmXNlWPYa6f4m8WTwZbDdFRyk0Er-CCpRI3zJDAgFxDiC0ubL9oh-DLLo7oGq43FlWbDywip,http://cphn.tmu.edu.tw/File/Userfiles/0000000001/images/%e5%85%ac%e5%85%b1%e8%a1%9b%e7%94%9f%e8%88%87%e4%ba%ba%e5%b7%a5%e6%99%ba%e8%83%bd%e8%ab%96%e5%a3%8720220413.png
True,False,3,3,1,f7e63c984a48eaa9bc4d1e38b073569e55c96414.jpg,https://qrco.de/bd5V4o,https://qrco.de/bd5V4o,https://www.jewishvoicesnj.org/wp-content/uploads/2022/07/JCV-1000x10002-1-300x300.jpg
True,True,3,3,1,6b3411ad2df44c1e8baa66c8eff3d415de4d2e72.jpg,https://forms.gle/KSbv3CedKRJ7HvLc9,https://accounts.google.com/v3/signin/identifier?dsh=S1292588077%3A1662291214430951&continue=https%3A%2F%2Fdocs.google.com%2Fforms%2Fd%2Fe%2F1FAIpQLSfI7BV0c-3rq8PicoA_A3LSHe8Hx5nau4gO8ArBKb5IN-ZPgQ%2Fviewform%3Fusp%3Dsend_form&followup=https%3A%2F%2Fdocs.google.com%2Fforms%2Fd%2Fe%2F1FAIpQLSfI7BV0c-3rq8PicoA_A3LSHe8Hx5nau4gO8ArBKb5IN-ZPgQ%2Fviewform%3Fusp%3Dsend_form&ltmpl=forms&osid=1&passive=1209600&service=wise&flowName=GlifWebSignIn&flowEntry=ServiceLogin&ifkv=AQN2RmWqqfj7qK2TQmy9xZx1AfbgH6tenSTgNMxHZbHm5TbmlevM6g5jXMFUb2dZCvL5z_31vJgbuw,https://nutrition.tmu.edu.tw/uploads/intro/22062310553462b3d62616b51.jpg
True,False,3,3,1,444e2cf30d3a3c3ceb1a489e427e5236defe351d.jpg,https://drive.google.com/file/d/1RNRdFC71r-knYF7Pn-ZUZRL3W0q1BAR0/view?usp=sharing,https://drive.google.com/file/d/1RNRdFC71r-knYF7Pn-ZUZRL3W0q1BAR0/view?usp=sharing,https://geducation2.tmu.edu.tw/wp-content/uploads/2022/06/unnamed-724x1024.jpg
True,True,3,3,1,8737a01cfc9b5ef8c51736aaa448cf7d6693ecb0.png,https://forms.gle/NKrzRdXwHF1wBXEX9,https://accounts.google.com/v3/signin/identifier?dsh=S2130893730%3A1662291270287781&continue=https%3A%2F%2Fdocs.google.com%2Fforms%2Fd%2Fe%2F1FAIpQLScXkwHfH7xEZfXwJ6pT_RS0PFxy1ItqB4jj8PN0n3any1rQyw%2Fviewform%3Fusp%3Dsend_form&followup=https%3A%2F%2Fdocs.google.com%2Fforms%2Fd%2Fe%2F1FAIpQLScXkwHfH7xEZfXwJ6pT_RS0PFxy1ItqB4jj8PN0n3any1rQyw%2Fviewform%3Fusp%3Dsend_form&ltmpl=forms&osid=1&passive=1209600&service=wise&flowName=GlifWebSignIn&flowEntry=ServiceLogin&ifkv=AQN2RmVXVH9711VOzih7nX0MCFCtDczn5K6XXXkQ6rcnng2a6s7EJuS_x5P1Xrd88f0aEGS8LT4oIw,https://prohealth.tmu.edu.tw/files/news/cache.626ecf272e572690bd382e5829ccb88a.png.w354_h500.png
True,False,3,3,1,feed99064d2f5910c21542fb156a5045ceb66b90.jpg,https://drive.google.com/file/d/1DmjeOl5rFY-k41qklKRiiLPS3YF-UbHP/view?usp=sharing,https://drive.google.com/file/d/1DmjeOl5rFY-k41qklKRiiLPS3YF-UbHP/view?usp=sharing,https://www.tmuh.org.tw/UploadFile/images/220418111157(2).jpg
True,False,3,3,1,f2e2d4035979f9e1d8547d7d7a90269ad5f131f7.png,https://drive.google.com/file/d/1W1y8Lm-nWjNLGvGxMU6A49roft1YI0fr/view?usp=sharing,https://drive.google.com/file/d/1W1y8Lm-nWjNLGvGxMU6A49roft1YI0fr/view?usp=sharing,https://www.tmuh.org.tw/UploadFile/images/%E6%8D%90%E6%AC%BE%E5%B0%88%E5%8D%80/%E6%8D%90%E6%AC%BE%E5%96%AE%E7%B4%99%E6%9C%AC%E5%A1%AB%E5%AF%AB.png
True,False,3,3,1,ffd53c2c98e4306e396cf48de10b08c77b53c347.png,https://drive.google.com/file/d/1SdVhVXrMsOIDYmsjlgetP4g7-x8gJj9t/view?usp=sharing,https://drive.google.com/file/d/1SdVhVXrMsOIDYmsjlgetP4g7-x8gJj9t/view?usp=sharing,https://www.tmuh.org.tw/UploadFile/images/%E6%8D%90%E6%AC%BE%E5%B0%88%E5%8D%80/%E7%99%BE%E8%90%AC%E6%8D%90%E6%AC%BE%E5%96%AE%E7%B4%99%E6%9C%AC%E5%A1%AB%E5%AF%AB.png
True,False,3,3,0,128af30737cc37fee5074cfa95de386b729b75c8,http://www.sinren.com.tw/?page_id=5091,http://www.sinren.com.tw/?page_id=5091,https://pgw.udn.com.tw/gw/photo.php?u=https://uc.udn.com.tw/photo/2022/08/04/realtime/18210876.jpg&s=Y&x=0&y=7&sw=1123&sh=748&exp=3600&w=600
True,False,3,3,0,c88af670612d86fbe2e313df631075756edac183,https://t.me/bbhomecare,https://t.me/bbhomecare,https://ec.yimg.com/ec?url=http%3A%2F%2Fbbhomecare5888.banner.tw%2FYAHOO%2520SS%2Fservice1.jpg&t=1659750600&ttl=400&mas=600&sig=_S1NJUdkBszBmlYONXv7Dg--~E
True,False,3,3,0,979c3b3f12f699b533e9fe7bb6f38690f03cf319,https://t.me/bbhomecare,https://t.me/bbhomecare,https://ec.yimg.com/ec?url=http%3A%2F%2Fbbhomecare5888.banner.tw%2FYAHOO%2520SS%2Fservice1.jpg&t=1659756900&ttl=400&mas=600&sig=owl9iPQAj2MJMNc4OK0izQ--~E
True,False,3,3,0,376134618d2091076ac95874c37c558748569452,https://t.me/bbhomecare,https://t.me/bbhomecare,https://ec.yimg.com/ec?url=http%3A%2F%2Fbbhomecare5888.banner.tw%2FYAHOO%2520SS%2Fservice1.jpg&t=1660940400&ttl=400&mas=600&sig=5DgrFQvIrUoGUPAr.vUqsA--~E
True,False,3,3,0,5060b7d36271e172eed0243b7456879fc0148ffd,https://t.me/bbhomecare,https://t.me/bbhomecare,https://ec.yimg.com/ec?url=http%3A%2F%2Fbbhomecare5888.banner.tw%2FYAHOO%2520SS%2Fservice1.jpg&t=1660946400&ttl=400&mas=600&sig=6M04J6svDr9Le_adFJCmyQ--~E
True,False,3,3,0,9c77f83ff019845f7451129cdb9d7cd05617bd88,https://linktr.ee/landrovertaiwan,https://linktr.ee/landrovertaiwan,https://pgw.udn.com.tw/gw/photo.php?u=https://uc.udn.com.tw/photo/2022/08/11/0/18283708.jpg&s=Y&x=40&y=0&sw=864&sh=576&sl=W&fw=480&exp=3600&exp=3600
True,False,3,3,0,9c77f83ff019845f7451129cdb9d7cd05617bd88,https://linktr.ee/jaguartaiwan,https://linktr.ee/jaguartaiwan,https://pgw.udn.com.tw/gw/photo.php?u=https://uc.udn.com.tw/photo/2022/08/11/0/18283708.jpg&s=Y&x=40&y=0&sw=864&sh=576&sl=W&fw=480&exp=3600&exp=3600
True,False,3,3,0,f19837f418138bc0828027ea4c369368a28d6e87,https://t.me/bbhomecare,https://t.me/bbhomecare,https://ec.yimg.com/ec?url=http%3A%2F%2Fbbhomecare5888.banner.tw%2FYAHOO%2520SS%2Fservice1.jpg&t=1661037300&ttl=400&mas=600&sig=V5_iw91wYTlaNARbj1WVsA--~E
True,False,3,3,0,c70b3ea6de982c55eba0c76f9cd77c0fc0fd4a64,https://t.me/bbhomecare,https://t.me/bbhomecare,https://ec.yimg.com/ec?url=http%3A%2F%2Fbbhomecare5888.banner.tw%2FYAHOO%2520SS%2Fservice1.jpg&t=1661075700&ttl=400&mas=600&sig=hk14Xu6jHIUAYq9gYeMYJw--~E
True,False,3,3,0,4761ba429f4e6b8689e5cd56228829d9b17cb528.jpg,http://bit.do/fSKWc,http://bit.do/fSKWc,https://cdn.nba.com/teams/static/heat/imgs/community/foundation/charitable-fund-qrcode.jpg
True,False,3,3,0,7a57e68dc8319c85656e36d490e64b524325a935,https://t.me/bbhomecare,https://t.me/bbhomecare,https://ec.yimg.com/ec?url=http%3A%2F%2Fbbhomecare5888.banner.tw%2FB%2526B%2FLOGO%2Fptss4.jpg&t=1661140500&ttl=400&mas=600&sig=R2BMBeeUmqx9MpJCKOktbw--~E
True,False,3,3,0,310f4d5b1476d9d0be2e03839588548e937ed8e7,https://t.me/bbhomecare,https://t.me/bbhomecare,https://ec.yimg.com/ec?url=http%3A%2F%2Fbbhomecare5888.banner.tw%2FYAHOO%2520SS%2Fservice1.jpg&t=1661157000&ttl=400&mas=600&sig=H1Lvi3X7E54icK4zFDuQNQ--~E
True,False,3,3,0,39938b6bef807d76a88a98697b0a741b6b470063,https://t.me/bbhomecare,https://t.me/bbhomecare,https://ec.yimg.com/ec?url=http%3A%2F%2Fbbhomecare5888.banner.tw%2FYAHOO%2520SS%2Fservice1.jpg&t=1661160600&ttl=400&mas=600&sig=6aDThtyMGJaGuCO0o94hBA--~E
True,False,3,3,0,ade354e9ec1867cf76036acc27ab26df5a612763,https://t.me/bbhomecare,https://t.me/bbhomecare,https://ec.yimg.com/ec?url=http%3A%2F%2Fbbhomecare5888.banner.tw%2FYAHOO%2520SS%2Fservice1.jpg&t=1661161200&ttl=400&mas=600&sig=4avse13XTiIRQ.OboER2OA--~E
True,False,3,3,0,06c72683769ee1d1e84b63247bb8b4401dce315a,https://t.me/bbhomecare,https://t.me/bbhomecare,https://ec.yimg.com/ec?url=http%3A%2F%2Fbbhomecare5888.banner.tw%2FYAHOO%2520SS%2Fservice1.jpg&t=1661161500&ttl=400&mas=600&sig=W1ZC9AyfGr3BskQK7rVDsw--~E
True,False,3,3,0,ad2d6c81c9bdf05d1b840c755f1aa4825f7d3def,https://t.me/bbhomecare,https://t.me/bbhomecare,https://ec.yimg.com/ec?url=http%3A%2F%2Fbbhomecare5888.banner.tw%2FYAHOO%2520SS%2Fservice1.jpg&t=1661164500&ttl=400&mas=600&sig=Jvxs0.cSXix2SUUI2g7l_Q--~E
True,False,3,3,0,fdf7d9d1480e5d3c74a25047e2b0529baf54bfd3,https://t.me/bbhomecare,https://t.me/bbhomecare,https://ec.yimg.com/ec?url=http%3A%2F%2Fbbhomecare5888.banner.tw%2FYAHOO%2520SS%2Fservice1.jpg&t=1661165400&ttl=400&mas=600&sig=6W2798BoW0pUtjWDlVsMDQ--~E
True,False,3,3,0,2b141da0eec9f4bba7047ec48b0e6ec67df47b34,https://t.me/bbhomecare,https://t.me/bbhomecare,https://ec.yimg.com/ec?url=http%3A%2F%2Fbbhomecare5888.banner.tw%2FYAHOO%2520SS%2Fservice1.jpg&t=1661169000&ttl=400&mas=600&sig=bc8RLqou1wFQCNngnc35og--~E
True,False,3,3,0,0b67fc9568649c6f264df4e0c271da5e64042178,https://t.me/bbhomecare,https://t.me/bbhomecare,https://ec.yimg.com/ec?url=http%3A%2F%2Fbbhomecare5888.banner.tw%2FYAHOO%2520SS%2Fservice1.jpg&t=1661171400&ttl=400&mas=600&sig=Y5miX_iRjx3ES5WclIVaxg--~E
True,False,3,3,0,9ac27f28efc3334e5add45f1129b88ddec1cac8c,https://t.me/bbhomecare,https://t.me/bbhomecare,https://ec.yimg.com/ec?url=http%3A%2F%2Fbbhomecare5888.banner.tw%2FYAHOO%2520SS%2Fservice1.jpg&t=1661173200&ttl=400&mas=600&sig=jzTk77.PegMN0fhwW4C5_Q--~E
True,False,3,3,0,c5cf56af8718a3d465a4cca19a6e28fbece20d9a,https://t.me/bbhomecare,https://t.me/bbhomecare,https://ec.yimg.com/ec?url=http%3A%2F%2Fbbhomecare5888.banner.tw%2FYAHOO%2520SS%2Fservice1.jpg&t=1661201400&ttl=400&mas=600&sig=hlveWZcAXsmPNN2ob2XrNQ--~E
True,False,3,3,0,3e0b9417e7e5d12e119007565cf50686cef5f91e,https://t.me/bbhomecare,https://t.me/bbhomecare,https://ec.yimg.com/ec?url=http%3A%2F%2Fbbhomecare5888.banner.tw%2FYAHOO%2520SS%2Fservice1.jpg&t=1661202600&ttl=400&mas=600&sig=W0Ot1mC0BYliuiW86EK_9A--~E
True,False,3,3,0,95b0b6263073912f41f691b64ded8bbb5e75a3ed,https://t.me/bbhomecare,https://t.me/bbhomecare,https://ec.yimg.com/ec?url=http%3A%2F%2Fbbhomecare5888.banner.tw%2FB%2526B%2FLOGO%2Fptss4.jpg&t=1661202900&ttl=400&mas=600&sig=bt78xlGbz3_zEtyIQaMRwQ--~E
True,False,3,3,0,f2dc17970355dadf0db8fed680553413378d9b1a,https://t.me/bbhomecare,https://t.me/bbhomecare,https://ec.yimg.com/ec?url=http%3A%2F%2Fbbhomecare5888.banner.tw%2FYAHOO%2520SS%2Fservice1.jpg&t=1661203200&ttl=400&mas=600&sig=0TL7Ug87zpxCLqOZTaisXA--~E
True,False,3,3,0,faab6518a45d4c4fc5a7978e7250ccd39e54174c,https://t.me/bbhomecare,https://t.me/bbhomecare,https://ec.yimg.com/ec?url=http%3A%2F%2Fbbhomecare5888.banner.tw%2FB%2526B%2FLOGO%2Fptss4.jpg&t=1661203200&ttl=400&mas=600&sig=V0rI_i0v.zU4gAYlj30zVA--~E
True,False,3,3,0,146ad89a586eb4cfb0e2925a6530a30eef7cc6d0,https://t.me/bbhomecare,https://t.me/bbhomecare,https://ec.yimg.com/ec?url=http%3A%2F%2Fbbhomecare5888.banner.tw%2FYAHOO%2520SS%2Fservice1.jpg&t=1661205600&ttl=400&mas=600&sig=CPf6E12lkUmmEgPPmteC7Q--~E
True,False,3,3,0,11e005b6ee7e63b4b45d6914f0eadf1f3b4efb35,https://t.me/bbhomecare,https://t.me/bbhomecare,https://ec.yimg.com/ec?url=http%3A%2F%2Fbbhomecare5888.banner.tw%2FYAHOO%2520SS%2Fservice1.jpg&t=1661205900&ttl=400&mas=600&sig=JfFn8colv4CK1zdT2t5iQQ--~E
True,False,3,3,0,7eb27908655c1370656f8339b157a335afc21cc4,https://t.me/bbhomecare,https://t.me/bbhomecare,https://ec.yimg.com/ec?url=http%3A%2F%2Fbbhomecare5888.banner.tw%2FYAHOO%2520SS%2Fservice1.jpg&t=1661206200&ttl=400&mas=600&sig=Mbrlh0WmZ6fsJeaDDLX5UA--~E
True,False,3,3,0,3b0d222a32a5cb3fdde3f8a1d4f923ddf422bc69,https://t.me/bbhomecare,https://t.me/bbhomecare,https://ec.yimg.com/ec?url=http%3A%2F%2Fbbhomecare5888.banner.tw%2FYAHOO%2520SS%2Fservice1.jpg&t=1661206500&ttl=400&mas=600&sig=LEYWjw3B6eGyQSzlFoV01Q--~E
True,False,3,3,0,bc30bd279e6cb4ccc6ffd81999120c99e1a45168,https://t.me/bbhomecare,https://t.me/bbhomecare,https://ec.yimg.com/ec?url=http%3A%2F%2Fbbhomecare5888.banner.tw%2FYAHOO%2520SS%2Fservice1.jpg&t=1661206800&ttl=400&mas=600&sig=mcwA_T5ZnZt1CT484Y7sEQ--~E
True,False,3,3,0,37055e2f3c260470b3f5586b87bd5ada3d1e208d,https://t.me/bbhomecare,https://t.me/bbhomecare,https://ec.yimg.com/ec?url=http%3A%2F%2Fbbhomecare5888.banner.tw%2FYAHOO%2520SS%2Fservice1.jpg&t=1661207400&ttl=400&mas=600&sig=m_31TgFRKsUSxD4Mdu.3bQ--~E
True,False,3,3,0,469910825d0bd204718358e841f875c1e4b94a80,https://t.me/bbhomecare,https://t.me/bbhomecare,https://ec.yimg.com/ec?url=http%3A%2F%2Fbbhomecare5888.banner.tw%2FYAHOO%2520SS%2Fservice1.jpg&t=1661208000&ttl=400&mas=600&sig=LPXHDB_.KQN6A4_LnHDLEw--~E
True,False,3,3,0,dc17b6e7daff8a62044c2f28a8bd38d70a718c3a,https://t.me/bbhomecare,https://t.me/bbhomecare,https://ec.yimg.com/ec?url=http%3A%2F%2Fbbhomecare5888.banner.tw%2FYAHOO%2520SS%2Fservice1.jpg&t=1661305500&ttl=400&mas=600&sig=Bxpp7riZagbbVd5r3bZ7WQ--~E
False,False,3,3,0,f8e4276b1e91634cce3d6d2b2e9bc9162b820a35.jpg,"https://drive.google.com/file/d/1N4yYKhmmDbpMhIlq_qkSGGV55yJiou7O/view
","https://drive.google.com/file/d/1N4yYKhmmDbpMhIlq_qkSGGV55yJiou7O/view
",https://i.imgur.com/c6hITu6.jpg
False,False,3,3,0,81b068ea879526f691675beaaf24ae91c5cfbc3f.jpg,"https://drive.google.com/file/d/1N4yYKhmmDbpMhIlq_qkSGGV55yJiou7O/view
","https://drive.google.com/file/d/1N4yYKhmmDbpMhIlq_qkSGGV55yJiou7O/view
",https://i.imgur.com/EtntkAO.jpg
False,False,3,3,0,2cbb42734df5af66c86a68f1da215c3d712593c6.jpg,"https://drive.google.com/file/d/1N4yYKhmmDbpMhIlq_qkSGGV55yJiou7O/view
","https://drive.google.com/file/d/1N4yYKhmmDbpMhIlq_qkSGGV55yJiou7O/view
",https://i.imgur.com/molRHLY.jpg
False,False,3,3,0,78c757b75d7e1c19f321edd80d396570c19b143e.jpg,"https://drive.google.com/file/d/1N4yYKhmmDbpMhIlq_qkSGGV55yJiou7O/view
","https://drive.google.com/file/d/1N4yYKhmmDbpMhIlq_qkSGGV55yJiou7O/view
",https://i.imgur.com/3Jj7taq.jpg
